geohash,location
0,"POLYGON ((121.530886 25.045796, 121.536314 25.044605, 121.537746 25.038184, 121.528506 25.0384, 121.530886 25.045796))"
